{"cameraMode":{"drawMode":0,"name":"Shaded","section":"Shading Mode"},"sceneLighting":true,"audioPlay":false,"sceneViewState":{"m_AlwaysRefresh":false,"showFog":true,"showSkybox":true,"showFlares":true,"showImageEffects":true,"showParticleSystems":true,"showVisualEffectGraphs":true,"m_FxEnabled":true},"in2DMode":false,"pivot":{"x":-1.7468944787979127,"y":0.11261354386806488,"z":-10.290563583374024},"rotation":{"x":-0.13145069777965547,"y":0.049949996173381808,"z":-0.0066326032392680649,"w":-0.9900479912757874},"size":2.803893804550171,"orthographic":false}